{
  "project_info": {
    "project_number": "893345878594",
    "firebase_url": "https://eventnest-62703-default-rtdb.firebaseio.com",
    "project_id": "eventnest-62703",
    "storage_bucket": "eventnest-62703.firebasestorage.app"
  },
  "client": [
    {
      "client_info": {
        "mobilesdk_app_id": "1:893345878594:android:6f060d9100bff3eabd13db",
        "android_client_info": {
          "package_name": "com.example.eventnest1"
        }
      },
      "oauth_client": [],
      "api_key": [
        {
          "current_key": "AIzaSyA0DhymcNBH94aI81JaBw5aucx3e_PDRxo"
        }
      ],
      "services": {
        "appinvite_service": {
          "other_platform_oauth_client": []
        }
      }
    }
  ],
  "configuration_version": "1"
}