{"flutter":{"platforms":{"android":{"default":{"projectId":"eventnest-62703","appId":"1:893345878594:android:6f060d9100bff3eabd13db","fileOutput":"android/app/google-services.json"}},"dart":{"lib/firebase_options.dart":{"projectId":"eventnest-62703","configurations":{"android":"1:893345878594:android:6f060d9100bff3eabd13db","ios":"1:893345878594:ios:750f7e0cf3168c7abd13db","macos":"1:893345878594:ios:750f7e0cf3168c7abd13db","web":"1:893345878594:web:ae3c89d387c16a0abd13db","windows":"1:893345878594:web:f89d8056fa826af0bd13db"}}}}}}